{
  "com.liferay.client.extension.type.configuration.CETConfiguration~graph-editor-custom-element" : {
    ":configurator:policy" : "force",
    "baseURL" : "${portalURL}/o/graph-editor",
    "buildTimestamp" : 1729852124133,
    "description" : "",
    "dxp.lxc.liferay.com.virtualInstanceId" : "default",
    "name" : "Liferay Graph Editor",
    "projectId" : "grapheditor",
    "projectName" : "graph-editor",
    "properties" : [ ],
    "sourceCodeURL" : "",
    "type" : "customElement",
    "typeSettings" : [ "friendlyURLMapping=graph-editor", "instanceable=false", "urls=js\\main.d650322d.js", "useESM=false", "htmlElementName=graph-editor", "cssURLs=css\\main.0113adbc.css", "portletCategoryName=category.client-extensions" ],
    "webContextPath" : "/graph-editor"
  },
  "com.liferay.client.extension.type.configuration.CETConfiguration~graph-editor-custom-element-css" : {
    ":configurator:policy" : "force",
    "baseURL" : "${portalURL}/o/graph-editor",
    "buildTimestamp" : 1729852124132,
    "description" : "",
    "dxp.lxc.liferay.com.virtualInstanceId" : "default",
    "name" : "Graph Editor CSS",
    "projectId" : "grapheditor",
    "projectName" : "graph-editor",
    "properties" : [ ],
    "sourceCodeURL" : "",
    "type" : "globalCSS",
    "typeSettings" : [ "url=css\\main.0113adbc.css" ],
    "webContextPath" : "/graph-editor"
  },
  "com.liferay.client.extension.type.configuration.CETConfiguration~graph-editor-custom-element-js" : {
    ":configurator:policy" : "force",
    "baseURL" : "${portalURL}/o/graph-editor",
    "buildTimestamp" : 1729852124132,
    "description" : "",
    "dxp.lxc.liferay.com.virtualInstanceId" : "default",
    "name" : "Graph Editor JS",
    "projectId" : "grapheditor",
    "projectName" : "graph-editor",
    "properties" : [ ],
    "sourceCodeURL" : "",
    "type" : "globalJS",
    "typeSettings" : [ "url=js\\main.d650322d.js" ],
    "webContextPath" : "/graph-editor"
  },
  "com.liferay.oauth2.provider.configuration.OAuth2ProviderApplicationUserAgentConfiguration~graph-editor-user-agent" : {
    ".serviceAddress" : "localhost:8080",
    ".serviceScheme" : "http",
    ":configurator:policy" : "force",
    "baseURL" : "${portalURL}/o/graph-editor",
    "buildTimestamp" : 1729852124133,
    "description" : "",
    "dxp.lxc.liferay.com.virtualInstanceId" : "default",
    "homePageURL" : "$[conf:.serviceScheme]://$[conf:.serviceAddress]",
    "name" : "Graph Editor User Agent",
    "projectId" : "grapheditor",
    "projectName" : "graph-editor",
    "properties" : [ ],
    "scopes" : [ "c_decisiontree.everything", "c_question.everything", "c_option.everything." ],
    "sourceCodeURL" : "",
    "type" : "oAuthApplicationUserAgent",
    "typeSettings" : [ ".serviceScheme=http", "scopes=c_decisiontree.everything\nc_question.everything\nc_option.everything.", ".serviceAddress=localhost:8080" ],
    "webContextPath" : "/graph-editor"
  }
}