{
  "com.liferay.client.extension.type.configuration.CETConfiguration~graph-editor-custom-element" : {
    ":configurator:policy" : "force",
    "baseURL" : "${portalURL}/o/liferay-objects-tree-manager",
    "buildTimestamp" : 1744015802145,
    "description" : "",
    "dxp.lxc.liferay.com.virtualInstanceId" : "default",
    "name" : "Liferay Graph Editor",
    "projectId" : "liferayobjectstreemanager",
    "projectName" : "liferay-objects-tree-manager",
    "properties" : [ ],
    "sourceCodeURL" : "",
    "type" : "customElement",
    "typeSettings" : [ "friendlyURLMapping=graph-editor", "instanceable=false", "urls=js\\main.1c76cfdb.js", "useESM=false", "htmlElementName=graph-editor", "cssURLs=css\\main.60ffa179.css", "portletCategoryName=category.client-extensions" ],
    "webContextPath" : "/liferay-objects-tree-manager"
  },
  "com.liferay.client.extension.type.configuration.CETConfiguration~graph-editor-custom-element-css" : {
    ":configurator:policy" : "force",
    "baseURL" : "${portalURL}/o/liferay-objects-tree-manager",
    "buildTimestamp" : 1744015802145,
    "description" : "",
    "dxp.lxc.liferay.com.virtualInstanceId" : "default",
    "name" : "Graph Editor CSS",
    "projectId" : "liferayobjectstreemanager",
    "projectName" : "liferay-objects-tree-manager",
    "properties" : [ ],
    "sourceCodeURL" : "",
    "type" : "globalCSS",
    "typeSettings" : [ "url=css\\main.60ffa179.css" ],
    "webContextPath" : "/liferay-objects-tree-manager"
  },
  "com.liferay.client.extension.type.configuration.CETConfiguration~graph-editor-custom-element-js" : {
    ":configurator:policy" : "force",
    "baseURL" : "${portalURL}/o/liferay-objects-tree-manager",
    "buildTimestamp" : 1744015802143,
    "description" : "",
    "dxp.lxc.liferay.com.virtualInstanceId" : "default",
    "name" : "Graph Editor JS",
    "projectId" : "liferayobjectstreemanager",
    "projectName" : "liferay-objects-tree-manager",
    "properties" : [ ],
    "sourceCodeURL" : "",
    "type" : "globalJS",
    "typeSettings" : [ "url=js\\main.1c76cfdb.js" ],
    "webContextPath" : "/liferay-objects-tree-manager"
  },
  "com.liferay.oauth2.provider.configuration.OAuth2ProviderApplicationUserAgentConfiguration~graph-editor-user-agent" : {
    ".serviceAddress" : "localhost:8080",
    ".serviceScheme" : "http",
    ":configurator:policy" : "force",
    "baseURL" : "${portalURL}/o/liferay-objects-tree-manager",
    "buildTimestamp" : 1744015802143,
    "description" : "",
    "dxp.lxc.liferay.com.virtualInstanceId" : "default",
    "homePageURL" : "$[conf:.serviceScheme]://$[conf:.serviceAddress]",
    "name" : "Graph Editor User Agent",
    "projectId" : "liferayobjectstreemanager",
    "projectName" : "liferay-objects-tree-manager",
    "properties" : [ ],
    "scopes" : [ "c_decisiontree.everything", "c_question.everything", "c_option.everything" ],
    "sourceCodeURL" : "",
    "type" : "oAuthApplicationUserAgent",
    "typeSettings" : [ ".serviceScheme=http", "scopes=c_decisiontree.everything\nc_question.everything\nc_option.everything", ".serviceAddress=localhost:8080" ],
    "webContextPath" : "/liferay-objects-tree-manager"
  },
  "com.liferay.oauth2.provider.configuration.OAuth2ProviderApplicationUserAgentConfiguration~graph-navigator-user-agent" : {
    ".serviceAddress" : "localhost:8080",
    ".serviceScheme" : "http",
    ":configurator:policy" : "force",
    "baseURL" : "${portalURL}/o/liferay-objects-tree-manager",
    "buildTimestamp" : 1744015802143,
    "description" : "",
    "dxp.lxc.liferay.com.virtualInstanceId" : "default",
    "homePageURL" : "$[conf:.serviceScheme]://$[conf:.serviceAddress]",
    "name" : "Graph Navigator User Agent",
    "projectId" : "liferayobjectstreemanager",
    "projectName" : "liferay-objects-tree-manager",
    "properties" : [ ],
    "scopes" : [ "c_decisiontree.read", "c_question.read", "c_option.read" ],
    "sourceCodeURL" : "",
    "type" : "oAuthApplicationUserAgent",
    "typeSettings" : [ ".serviceScheme=http", "scopes=c_decisiontree.read\nc_question.read\nc_option.read", ".serviceAddress=localhost:8080" ],
    "webContextPath" : "/liferay-objects-tree-manager"
  }
}