{
  "com.liferay.client.extension.type.configuration.CETConfiguration~graph-editor-custom-element-css" : {
    ":configurator:policy" : "force",
    "baseURL" : "${portalURL}/o/liferay-objects-tree-manager",
    "buildTimestamp" : 1761303996842,
    "description" : "",
    "dxp.lxc.liferay.com.virtualInstanceId" : "default",
    "name" : "Graph Editor CSS",
    "projectId" : "liferayobjectstreemanager",
    "projectName" : "liferay-objects-tree-manager",
    "properties" : [ ],
    "sourceCodeURL" : "",
    "type" : "globalCSS",
    "typeSettings" : [ "url=assets\\index-RtuOGWTd.css" ],
    "webContextPath" : "/liferay-objects-tree-manager"
  },
  "com.liferay.client.extension.type.configuration.CETConfiguration~graph-editor-import-maps-entry" : {
    ":configurator:policy" : "force",
    "baseURL" : "${portalURL}/o/liferay-objects-tree-manager",
    "buildTimestamp" : 1761303996842,
    "description" : "",
    "dxp.lxc.liferay.com.virtualInstanceId" : "default",
    "name" : "Graph Editor CX JS Import Maps Entry",
    "projectId" : "liferayobjectstreemanager",
    "projectName" : "liferay-objects-tree-manager",
    "properties" : [ ],
    "sourceCodeURL" : "",
    "type" : "jsImportMapsEntry",
    "typeSettings" : [ "bareSpecifier=grapheditorCX", "url=assets\\index-BbLdq4yJ.js" ],
    "webContextPath" : "/liferay-objects-tree-manager"
  },
  "com.liferay.oauth2.provider.configuration.OAuth2ProviderApplicationUserAgentConfiguration~graph-navigator-user-agent" : {
    ".serviceAddress" : "localhost:8080",
    ".serviceScheme" : "http",
    ":configurator:policy" : "force",
    "baseURL" : "${portalURL}/o/liferay-objects-tree-manager",
    "buildTimestamp" : 1761303996835,
    "description" : "",
    "dxp.lxc.liferay.com.virtualInstanceId" : "default",
    "homePageURL" : "$[conf:.serviceScheme]://$[conf:.serviceAddress]",
    "name" : "Graph Navigator User Agent",
    "projectId" : "liferayobjectstreemanager",
    "projectName" : "liferay-objects-tree-manager",
    "properties" : [ ],
    "scopes" : [ "c_decisiontree.read", "c_question.read", "c_option.read" ],
    "sourceCodeURL" : "",
    "type" : "oAuthApplicationUserAgent",
    "typeSettings" : [ ".serviceAddress=localhost:8080", ".serviceScheme=http", "scopes=c_decisiontree.read\nc_question.read\nc_option.read" ],
    "webContextPath" : "/liferay-objects-tree-manager"
  }
}